Workbook

Sheet Podsumowanie
A1: Cortex PIM — Porównanie modeli biznesowych vs cele przychodowe
A2: Test: 300 000 zł (rok 1) oraz 10 000 000 zł (rok 7). Liczby z arkuszy scenariuszy.
A4: Model | B4: Przychód rok 1 | C4: Real. celu R1 | D4: Przychód rok 7 | E4: Real. celu R7 | F4: FTE rok 7 | G4: Główne ograniczenie
A5: A — Produkt SaaS | B5: =A_Produkt_SaaS!C10 -> 300000 | C5: =A_Produkt_SaaS!C10/Założenia!$B$23 -> 1 | D5: =A_Produkt_SaaS!I10 -> 9307048.2 | E5: =A_Produkt_SaaS!I10/Założenia!$B$24 -> 0.93070482 | F5: ~3-5 (CS) | G5: Pozyskanie ~545 klientów bez budżetu marketingowego
A6: B — Usługi + SLA | B6: =B_Uslugi!C10 -> 424800 | C6: =B_Uslugi!C10/Założenia!$B$23 -> 1.416 | D6: =B_Uslugi!I10 -> 4780800 | E6: =B_Uslugi!I10/Założenia!$B$24 -> 0.47808 | F6: =B_Uslugi!I13 -> 16 | G6: Liniowy wzrost FTE; 10 mln wymaga 25-30+ os.; max konflikt z Ideo
A7: H — Hybryda fazowa | B7: =H_Hybryda!C16 -> 574800 | C7: =H_Hybryda!C16/Założenia!$B$23 -> 1.916 | D7: =H_Hybryda!I16 -> 10908685 | E7: =H_Hybryda!I16/Założenia!$B$24 -> 1.0908685 | F7: ~8-12 | G7: Wymaga ekspansji CEE/EU od ~roku 3-4
A9: Rekomendacja: H (hybryda fazowa) — patrz raport, sekcja 10. A jako docelowy charakter produktu, B tylko jako most cashowy z twardym capem.

Sheet Założenia
A1: Cortex PIM — Model finansowy: założenia bazowe
A2: Wszystkie kwoty w zł. Niebieskie = wejścia do zmiany (scenariusze). Czarne = formuły. Zielone = odwołania międzyarkuszowe.
A4: KURSY WALUT
A5: Kurs EUR/PLN | B5: 4.3 | D5: Założenie kursowe (~2026)
A6: Kurs USD/PLN | B6: 4 | D6: Założenie kursowe (~2026)
A8: PRODUKT SaaS
A9: ACV bazowe — SaaS (zł/rok/klient) | B9: 30000 | C9: zł | D9: Poniżej Akeneo Growth (~100k), powyżej Plytix. Źródło: Agent 3 / ITQlick, inriver
A10: ACV low | B10: 18000 | C10: zł | D10: Scenariusz pesymistyczny
A11: ACV high | B11: 50000 | C11: zł | D11: Scenariusz optymistyczny
A12: Churn roczny — SaaS pure (SMB) | B12: 0.3 | C12: % | D12: SMB B2B SaaS 20-43%/rok. Źródło: Vitally/Optifai
A13: Churn roczny — SaaS hybryda | B13: 0.25 | C13: % | D13: Klienci z wdrożenia bardziej "sticky"
A15: USŁUGI / WDROŻENIA
A16: Wartość wdrożenia — średnia (zł) | B16: 120000 | C16: zł | D16: Średni projekt PIM 130-260k; dolny środek. Źródło: Growcode/Macopedia
A17: Marża brutto na usługach | B17: 0.35 | C17: % | D17: Professional services 30-60%, base 35%. Źródło: ProjectCor
A18: Maintenance/SLA (% wdrożenia / rok) | B18: 0.18 | C18: % | D18: 15-25%/rok, base 18%. Źródło: Intigate
A19: Dni billowalne / FTE / rok | B19: 150 | C19: dni | D19: ~150 z 200-220 przy 70-75% utilization
A20: Śr. pracochłonność wdrożenia (dni) | B20: 100 | C20: dni | D20: Średni projekt
A22: CELE PRZYCHODOWE
A23: Cel — rok 1 | B23: 300000 | C23: zł | D23: Wejście operatora
A24: Cel — rok 7 | B24: 10000000 | C24: zł | D24: Wejście operatora

Sheet A_Produkt_SaaS
A1: Scenariusz A — Produkt SaaS (SMB self-serve, "złote strzały" enterprise)
A2: Czysty produkt. Pozyskanie głównie self-serve/SEO/integracje. Klient = subskrypcja roczna.
A4: Pozycja | C4: Rok 1 | D4: Rok 2 | E4: Rok 3 | F4: Rok 4 | G4: Rok 5 | H4: Rok 6 | I4: Rok 7
A5: Nowi klienci (gross adds) [WEJŚCIE] | C5: 10 | D5: 35 | E5: 60 | F5: 90 | G5: 110 | H5: 120 | I5: 120
A6: Klienci na początku roku | C6: 0 | D6: =C8 -> 10 | E6: =D8 -> 42 | F6: =E8 -> 89.4 | G6: =F8 -> 152.58 | H6: =G8 -> 216.806 | I6: =H8 -> 271.7642
A7: Klienci utraceni (churn) | C7: =C6*Założenia!$B$12 -> 0 | D7: =D6*Założenia!$B$12 -> 3 | E7: =E6*Założenia!$B$12 -> 12.6 | F7: =F6*Założenia!$B$12 -> 26.82 | G7: =G6*Założenia!$B$12 -> 45.774 | H7: =H6*Założenia!$B$12 -> 65.0418 | I7: =I6*Założenia!$B$12 -> 81.52926
A8: Klienci aktywni na koniec roku | C8: =C6-C7+C5 -> 10 | D8: =D6-D7+D5 -> 42 | E8: =E6-E7+E5 -> 89.4 | F8: =F6-F7+F5 -> 152.58 | G8: =G6-G7+G5 -> 216.806 | H8: =H6-H7+H5 -> 271.7642 | I8: =I6-I7+I5 -> 310.23494
A9: ACV (zł/rok) | C9: =Założenia!$B$9 -> 30000 | D9: =Założenia!$B$9 -> 30000 | E9: =Założenia!$B$9 -> 30000 | F9: =Założenia!$B$9 -> 30000 | G9: =Założenia!$B$9 -> 30000 | H9: =Założenia!$B$9 -> 30000 | I9: =Założenia!$B$9 -> 30000
A10: PRZYCHÓD SaaS (zł) | C10: =C8*C9 -> 300000 | D10: =D8*D9 -> 1260000 | E10: =E8*E9 -> 2682000 | F10: =F8*F9 -> 4577400 | G10: =G8*G9 -> 6504180 | H10: =H8*H9 -> 8152926 | I10: =I8*I9 -> 9307048.2
A11: Skumulowani pozyskani klienci (gross) | C11: =C5 -> 10 | D11: =C11+D5 -> 45 | E11: =D11+E5 -> 105 | F11: =E11+F5 -> 195 | G11: =F11+G5 -> 305 | H11: =G11+H5 -> 425 | I11: =H11+I5 -> 545
A13: Cel rok 1 | C13: =Założenia!$B$23 -> 300000
A14: Cel rok 7 | C14: =Założenia!$B$24 -> 10000000
A15: Realizacja rok 1 | C15: =C10/C13 -> 1
A16: Realizacja rok 7 | C16: =I10/C14 -> 0.93070482
A18: Wniosek: 300k w roku 1 = ~10 klientów po 30k ACV (osiągalne organicznie). 10 mln rok 7 = ~310 aktywnych klientów,
A19: co przy churn 30% wymaga ~545 pozyskanych klientów łącznie i ~120 nowych rocznie w stanie ustalonym — bez budżetu marketingowego to główne ryzyko.

Sheet B_Uslugi
A1: Scenariusz B — Usługi / wdrożenia + maintenance/SLA
A2: Firma usługowa. Przychód = wdrożenia (fixed-price) + recurring maintenance/SLA. Rośnie liniowo z zespołem.
A4: Pozycja | C4: Rok 1 | D4: Rok 2 | E4: Rok 3 | F4: Rok 4 | G4: Rok 5 | H4: Rok 6 | I4: Rok 7
A5: Wdrożenia / rok [WEJŚCIE] | C5: 3 | D5: 5 | E5: 8 | F5: 12 | G5: 16 | H5: 20 | I5: 24
A6: Wartość wdrożenia (zł) | C6: =Założenia!$B$16 -> 120000 | D6: =Założenia!$B$16 -> 120000 | E6: =Założenia!$B$16 -> 120000 | F6: =Założenia!$B$16 -> 120000 | G6: =Założenia!$B$16 -> 120000 | H6: =Założenia!$B$16 -> 120000 | I6: =Założenia!$B$16 -> 120000
A7: Przychód z wdrożeń (zł) | C7: =C5*C6 -> 360000 | D7: =D5*D6 -> 600000 | E7: =E5*E6 -> 960000 | F7: =F5*F6 -> 1440000 | G7: =G5*G6 -> 1920000 | H7: =H5*H6 -> 2400000 | I7: =I5*I6 -> 2880000
A8: Skumulowane wdrożenia (baza maint.) | C8: =C5 -> 3 | D8: =C8+D5 -> 8 | E8: =D8+E5 -> 16 | F8: =E8+F5 -> 28 | G8: =F8+G5 -> 44 | H8: =G8+H5 -> 64 | I8: =H8+I5 -> 88
A9: Przychód maintenance/SLA (zł) | C9: =C8*Założenia!$B$16*Założenia!$B$18 -> 64800 | D9: =D8*Założenia!$B$16*Założenia!$B$18 -> 172800 | E9: =E8*Założenia!$B$16*Założenia!$B$18 -> 345600 | F9: =F8*Założenia!$B$16*Założenia!$B$18 -> 604800 | G9: =G8*Założenia!$B$16*Założenia!$B$18 -> 950400 | H9: =H8*Założenia!$B$16*Założenia!$B$18 -> 1382400 | I9: =I8*Założenia!$B$16*Założenia!$B$18 -> 1900800
A10: PRZYCHÓD CAŁKOWITY (zł) | C10: =C7+C9 -> 424800 | D10: =D7+D9 -> 772800 | E10: =E7+E9 -> 1305600 | F10: =F7+F9 -> 2044800 | G10: =G7+G9 -> 2870400 | H10: =H7+H9 -> 3782400 | I10: =I7+I9 -> 4780800
A11: Zysk brutto z usług (zł) | C11: =C7*Założenia!$B$17+C9*0.6 -> 164880 | D11: =D7*Założenia!$B$17+D9*0.6 -> 313680 | E11: =E7*Założenia!$B$17+E9*0.6 -> 543360 | F11: =F7*Założenia!$B$17+F9*0.6 -> 866880 | G11: =G7*Założenia!$B$17+G9*0.6 -> 1242240 | H11: =H7*Założenia!$B$17+H9*0.6 -> 1669440 | I11: =I7*Założenia!$B$17+I9*0.6 -> 2148480
A13: Potrzebne FTE (delivery) | C13: =C5*Założenia!$B$20/Założenia!$B$19 -> 2 | D13: =D5*Założenia!$B$20/Założenia!$B$19 -> 3.3333333 | E13: =E5*Założenia!$B$20/Założenia!$B$19 -> 5.3333333 | F13: =F5*Założenia!$B$20/Założenia!$B$19 -> 8 | G13: =G5*Założenia!$B$20/Założenia!$B$19 -> 10.666667 | H13: =H5*Założenia!$B$20/Założenia!$B$19 -> 13.333333 | I13: =I5*Założenia!$B$20/Założenia!$B$19 -> 16
A15: Cel rok 1 | C15: =Założenia!$B$23 -> 300000
A16: Cel rok 7 | C16: =Założenia!$B$24 -> 10000000
A17: Realizacja rok 1 | C17: =C10/C15 -> 1.416
A18: Realizacja rok 7 | C18: =I10/C16 -> 0.47808
A20: Wniosek: 300k rok 1 = 2-3 wdrożenia (realne dla solo + freelancer). Ale 10 mln rok 7 tą ścieżką = ~4,8 mln przy 16 FTE;
A21: pełne 10 mln usługowo wymaga ~50+ wdrożeń/rok i 25-30+ FTE — sprzeczne z "po godzinach", kapitałem i konfliktem z Ideo.

Sheet H_Hybryda
A1: Scenariusz H — Hybryda fazowa (usługi finansują produkt → recurring przejmuje)
A2: Lata 1-3: wdrożenia własnego PIM dają cash + walidację + konta referencyjne. Lata 4-7: SaaS + maintenance dominują.
A4: Pozycja | C4: Rok 1 | D4: Rok 2 | E4: Rok 3 | F4: Rok 4 | G4: Rok 5 | H4: Rok 6 | I4: Rok 7
A5: USŁUGI — wdrożenia / rok [WEJŚCIE] | C5: 3 | D5: 4 | E5: 5 | F5: 5 | G5: 5 | H5: 6 | I5: 6
A6: Przychód z wdrożeń (zł) | C6: =C5*Założenia!$B$16 -> 360000 | D6: =D5*Założenia!$B$16 -> 480000 | E6: =E5*Założenia!$B$16 -> 600000 | F6: =F5*Założenia!$B$16 -> 600000 | G6: =G5*Założenia!$B$16 -> 600000 | H6: =H5*Założenia!$B$16 -> 720000 | I6: =I5*Założenia!$B$16 -> 720000
A7: Skumulowane wdrożenia (baza maint.) | C7: =C5 -> 3 | D7: =C7+D5 -> 7 | E7: =D7+E5 -> 12 | F7: =E7+F5 -> 17 | G7: =F7+G5 -> 22 | H7: =G7+H5 -> 28 | I7: =H7+I5 -> 34
A8: Przychód maintenance/SLA (zł) | C8: =C7*Założenia!$B$16*Założenia!$B$18 -> 64800 | D8: =D7*Założenia!$B$16*Założenia!$B$18 -> 151200 | E8: =E7*Założenia!$B$16*Założenia!$B$18 -> 259200 | F8: =F7*Założenia!$B$16*Założenia!$B$18 -> 367200 | G8: =G7*Założenia!$B$16*Założenia!$B$18 -> 475200 | H8: =H7*Założenia!$B$16*Założenia!$B$18 -> 604800 | I8: =I7*Założenia!$B$16*Założenia!$B$18 -> 734400
A10: SaaS — nowi klienci (gross adds) [WEJŚCIE] | C10: 5 | D10: 25 | E10: 50 | F10: 80 | G10: 100 | H10: 110 | I10: 120
A11: Klienci SaaS na początku roku | C11: 0 | D11: =C13 -> 5 | E11: =D13 -> 28.75 | F11: =E13 -> 71.5625 | G11: =F13 -> 133.67188 | H11: =G13 -> 200.25391 | I11: =H13 -> 260.19043
A12: Klienci utraceni (churn hybryda) | C12: =C11*Założenia!$B$13 -> 0 | D12: =D11*Założenia!$B$13 -> 1.25 | E12: =E11*Założenia!$B$13 -> 7.1875 | F12: =F11*Założenia!$B$13 -> 17.890625 | G12: =G11*Założenia!$B$13 -> 33.417969 | H12: =H11*Założenia!$B$13 -> 50.063477 | I12: =I11*Założenia!$B$13 -> 65.047607
A13: Klienci SaaS aktywni (koniec roku) | C13: =C11-C12+C10 -> 5 | D13: =D11-D12+D10 -> 28.75 | E13: =E11-E12+E10 -> 71.5625 | F13: =F11-F12+F10 -> 133.67188 | G13: =G11-G12+G10 -> 200.25391 | H13: =H11-H12+H10 -> 260.19043 | I13: =I11-I12+I10 -> 315.14282
A14: Przychód SaaS (zł) | C14: =C13*Założenia!$B$9 -> 150000 | D14: =D13*Założenia!$B$9 -> 862500 | E14: =E13*Założenia!$B$9 -> 2146875 | F14: =F13*Założenia!$B$9 -> 4010156.2 | G14: =G13*Założenia!$B$9 -> 6007617.2 | H14: =H13*Założenia!$B$9 -> 7805712.9 | I14: =I13*Założenia!$B$9 -> 9454284.7
A16: PRZYCHÓD CAŁKOWITY (zł) | C16: =C6+C8+C14 -> 574800 | D16: =D6+D8+D14 -> 1493700 | E16: =E6+E8+E14 -> 3006075 | F16: =F6+F8+F14 -> 4977356.2 | G16: =G6+G8+G14 -> 7082817.2 | H16: =H6+H8+H14 -> 9130512.9 | I16: =I6+I8+I14 -> 10908685
A17: w tym recurring (SaaS+maint.) | C17: =C8+C14 -> 214800 | D17: =D8+D14 -> 1013700 | E17: =E8+E14 -> 2406075 | F17: =F8+F14 -> 4377356.2 | G17: =G8+G14 -> 6482817.2 | H17: =H8+H14 -> 8410512.9 | I17: =I8+I14 -> 10188685
A18: udział recurring | C18: =C17/C16 -> 0.3736952 | D18: =D17/D16 -> 0.67865033 | E18: =E17/E16 -> 0.80040418 | F18: =F17/F16 -> 0.87945408 | G18: =G17/G16 -> 0.91528794 | H18: =H17/H16 -> 0.92114353 | I18: =I17/I16 -> 0.93399754
A20: Potrzebne FTE (delivery usług) | C20: =C5*Założenia!$B$20/Założenia!$B$19 -> 2 | D20: =D5*Założenia!$B$20/Założenia!$B$19 -> 2.6666667 | E20: =E5*Założenia!$B$20/Założenia!$B$19 -> 3.3333333 | F20: =F5*Założenia!$B$20/Założenia!$B$19 -> 3.3333333 | G20: =G5*Założenia!$B$20/Założenia!$B$19 -> 3.3333333 | H20: =H5*Założenia!$B$20/Założenia!$B$19 -> 4 | I20: =I5*Założenia!$B$20/Założenia!$B$19 -> 4
A22: Cel rok 1 | C22: =Założenia!$B$23 -> 300000
A23: Cel rok 7 | C23: =Założenia!$B$24 -> 10000000
A24: Realizacja rok 1 | C24: =C16/C22 -> 1.916
A25: Realizacja rok 7 | C25: =I16/C23 -> 1.0908685
A27: Wniosek: rok 1 ~575k (usługi dają cash ponad cel 300k). Rok 7 ~10,9 mln, ~93% recurring, przy zaledwie ~4 FTE delivery usług
A28: + wsparcie SaaS i freelancerzy (~8-12 FTE łącznie). Usługi karmią lejek kont SaaS. Baza ~315 klientów wciąż wymaga CEE/EU od ~roku 3-4.
