Workbook

Sheet Podsumowanie
A1: Wersja B — podsumowanie i porównanie z wersją A
A2: Test 300 000 zł (R1) i 10 000 000 zł (R7).
A4: Wariant | B4: Przychód R1 | C4: Real. R1 | D4: Przychód R7 | E4: Real. R7 | F4: FTE R7 | G4: Charakter
A5: B — Product-led wedge→PIM | B5: =B_ProductLed!C17 -> 510000 | C5: =B_ProductLed!C17/'Założenia (B)'!$B$19 -> 1.7 | D5: =B_ProductLed!I17 -> 10475049 | E5: =B_ProductLed!I17/'Założenia (B)'!$B$20 -> 1.0475049 | F5: ~6-9 | G5: Viral premium, no free plan, hard paywall, founder-proxy
A6: (ref) A — Hybryda usługowa | B6: 574800 | C6: 1.916 | D6: 10908685 | E6: 1.0909 | F6: ~8-12 | G6: Usługi finansują produkt (wersja A)
A8: Rekomendacja B: product-led wedge→platforma. 50k upfront + viral playbook czynią product-led wykonalnym szybciej niż w wersji A; usługi stają się opcjonalnym add-onem, nie silnikiem.

Sheet Założenia (B)
A1: Cortex PIM — Model finansowy WERSJA B (50k upfront + 32 zasady viral product)
A2: Niebieskie=wejścia, Czarne=formuły, Zielone=odwołania. Strategia: product-led wedge → platforma (premium, no free plan, hard paywall).
A4: KAPITAŁ I KURSY
A5: Kapitał początkowy (od ręki) | B5: 50000 | C5: zł | D5: Nowe założenie wersji B — wdrażany w rok 1 na brand/design/akwizycję/freelancera
A6: Kurs EUR/PLN | B6: 4.3 | D6: ~2026
A7: WEDGE — viralowy produkt wejściowy (one-time)
A8: Cena wedge (one-time) | B8: 1500 | C8: zł | D8: Zasada #27 one-time + #32 premium. Sharp AI-tool (np. "AI wypełnia katalog")
A9: Koszt zmienny wedge / sprzedaż | B9: 150 | C9: zł | D9: API/AI compute + płatność (~10%)
A10: Konwersja wedge → PIM | B10: 0.04 | C10: % | D10: % kupujących wedge, którzy przechodzą na platformę (lejek)
A12: PLATFORMA PIM (subskrypcja premium)
A13: ACV PIM — blended (premium) | B13: 45000 | C13: zł | D13: Zasada #32 charge more. Popcorn 3 tiery: 24k/45k/90k. Wyżej niż wersja A (30k)
A14: Churn roczny PIM (premium, sticky) | B14: 0.22 | C14: % | D14: Premium + brak free plan = wyższa intencja, niższy churn niż 30%
A15: Koszt obsługi (CS) — klientów / FTE | B15: 90 | C15: szt | D15: Premium B2B, ~90 kont/FTE
A18: CELE
A19: Cel — rok 1 | B19: 300000 | C19: zł | D19: Wejście operatora
A20: Cel — rok 7 | B20: 10000000 | C20: zł | D20: Wejście operatora

Sheet B_ProductLed
A1: Wersja B — Product-led: wedge viralowy → platforma PIM premium
A2: Wedge (one-time, AI-wave, no free plan, hard paywall) finansuje i zasila lejek. Platforma PIM (subskrypcja premium) = silnik 10 mln.
A4: Pozycja | C4: Rok 1 | D4: Rok 2 | E4: Rok 3 | F4: Rok 4 | G4: Rok 5 | H4: Rok 6 | I4: Rok 7
A5: WEDGE — sprzedaże / rok [WEJŚCIE] | C5: 100 | D5: 250 | E5: 400 | F5: 550 | G5: 650 | H5: 720 | I5: 800
A6: Przychód wedge (one-time, zł) | C6: =C5*'Założenia (B)'!$B$8 -> 150000 | D6: =D5*'Założenia (B)'!$B$8 -> 375000 | E6: =E5*'Założenia (B)'!$B$8 -> 600000 | F6: =F5*'Założenia (B)'!$B$8 -> 825000 | G6: =G5*'Założenia (B)'!$B$8 -> 975000 | H6: =H5*'Założenia (B)'!$B$8 -> 1080000 | I6: =I5*'Założenia (B)'!$B$8 -> 1200000
A7: Marża wedge (zł) | C7: =C5*('Założenia (B)'!$B$8-'Założenia (B)'!$B$9) -> 135000 | D7: =D5*('Założenia (B)'!$B$8-'Założenia (B)'!$B$9) -> 337500 | E7: =E5*('Założenia (B)'!$B$8-'Założenia (B)'!$B$9) -> 540000 | F7: =F5*('Założenia (B)'!$B$8-'Założenia (B)'!$B$9) -> 742500 | G7: =G5*('Założenia (B)'!$B$8-'Założenia (B)'!$B$9) -> 877500 | H7: =H5*('Założenia (B)'!$B$8-'Założenia (B)'!$B$9) -> 972000 | I7: =I5*('Założenia (B)'!$B$8-'Założenia (B)'!$B$9) -> 1080000
A8: Nowe konta PIM z wedge (lejek) | C8: =C5*'Założenia (B)'!$B$10 -> 4 | D8: =D5*'Założenia (B)'!$B$10 -> 10 | E8: =E5*'Założenia (B)'!$B$10 -> 16 | F8: =F5*'Założenia (B)'!$B$10 -> 22 | G8: =G5*'Założenia (B)'!$B$10 -> 26 | H8: =H5*'Założenia (B)'!$B$10 -> 28.8 | I8: =I5*'Założenia (B)'!$B$10 -> 32
A10: PIM — dodatkowi nowi klienci [WEJŚCIE] | C10: 4 | D10: 12 | E10: 22 | F10: 30 | G10: 35 | H10: 38 | I10: 38
A11: PIM — nowi klienci łącznie | C11: =C8+C10 -> 8 | D11: =D8+D10 -> 22 | E11: =E8+E10 -> 38 | F11: =F8+F10 -> 52 | G11: =G8+G10 -> 61 | H11: =H8+H10 -> 66.8 | I11: =I8+I10 -> 70
A12: PIM — klienci na początku roku | C12: 0 | D12: =C14 -> 8 | E12: =D14 -> 28.24 | F12: =E14 -> 60.0272 | G12: =F14 -> 98.821216 | H12: =G14 -> 138.08055 | I12: =H14 -> 174.50283
A13: PIM — utraceni (churn) | C13: =C12*'Założenia (B)'!$B$14 -> 0 | D13: =D12*'Założenia (B)'!$B$14 -> 1.76 | E13: =E12*'Założenia (B)'!$B$14 -> 6.2128 | F13: =F12*'Założenia (B)'!$B$14 -> 13.205984 | G13: =G12*'Założenia (B)'!$B$14 -> 21.740668 | H13: =H12*'Założenia (B)'!$B$14 -> 30.377721 | I13: =I12*'Założenia (B)'!$B$14 -> 38.390622
A14: PIM — aktywni (koniec roku) | C14: =C12-C13+C11 -> 8 | D14: =D12-D13+D11 -> 28.24 | E14: =E12-E13+E11 -> 60.0272 | F14: =F12-F13+F11 -> 98.821216 | G14: =G12-G13+G11 -> 138.08055 | H14: =H12-H13+H11 -> 174.50283 | I14: =I12-I13+I11 -> 206.11221
A15: Przychód PIM (subskrypcja, zł) | C15: =C14*'Założenia (B)'!$B$13 -> 360000 | D15: =D14*'Założenia (B)'!$B$13 -> 1270800 | E15: =E14*'Założenia (B)'!$B$13 -> 2701224 | F15: =F14*'Założenia (B)'!$B$13 -> 4446954.7 | G15: =G14*'Założenia (B)'!$B$13 -> 6213624.7 | H15: =H14*'Założenia (B)'!$B$13 -> 7852627.3 | I15: =I14*'Założenia (B)'!$B$13 -> 9275049.3
A17: PRZYCHÓD CAŁKOWITY (zł) | C17: =C6+C15 -> 510000 | D17: =D6+D15 -> 1645800 | E17: =E6+E15 -> 3301224 | F17: =F6+F15 -> 5271954.7 | G17: =G6+G15 -> 7188624.7 | H17: =H6+H15 -> 8932627.3 | I17: =I6+I15 -> 10475049
A18: w tym recurring (PIM) | C18: =C15 -> 360000 | D18: =D15 -> 1270800 | E18: =E15 -> 2701224 | F18: =F15 -> 4446954.7 | G18: =G15 -> 6213624.7 | H18: =H15 -> 7852627.3 | I18: =I15 -> 9275049.3
A19: udział recurring | C19: =C18/C17 -> 0.70588235 | D19: =D18/D17 -> 0.77214728 | E19: =E18/E17 -> 0.81824923 | F19: =F18/F17 -> 0.84351155 | G19: =G18/G17 -> 0.86436905 | H19: =H18/H17 -> 0.87909492 | I19: =I18/I17 -> 0.88544207
A21: Potrzebne FTE (CS PIM) | C21: =C14/'Założenia (B)'!$B$15 -> 0.088888889 | D21: =D14/'Założenia (B)'!$B$15 -> 0.31377778 | E21: =E14/'Założenia (B)'!$B$15 -> 0.66696889 | F21: =F14/'Założenia (B)'!$B$15 -> 1.0980135 | G21: =G14/'Założenia (B)'!$B$15 -> 1.5342283 | H21: =H14/'Założenia (B)'!$B$15 -> 1.9389203 | I21: =I14/'Założenia (B)'!$B$15 -> 2.2901356
A23: Cel rok 1 | C23: ='Założenia (B)'!$B$19 -> 300000
A24: Cel rok 7 | C24: ='Założenia (B)'!$B$20 -> 10000000
A25: Realizacja rok 1 | C25: =C17/C23 -> 1.7
A26: Realizacja rok 7 | C26: =I17/C24 -> 1.0475049
A28: Wniosek: 50k w rok 1 finansuje viralowy wedge + brand → rok 1 ponad cel. Premium ACV (45k) obniża potrzebną bazę z ~310 do ~150 klientów PIM.
A29: Rok 7 ~10 mln, recurring dominuje, FTE ~2 (CS) + product/freelancerzy (~6-9 łącznie). Wedge = lejek + cash, platforma = silnik. CEE/EU od ~roku 3-4.
